category,country_code,admin_unit_level,admin_unit_code,admin_unit_name,api_endpoint,api_parameters,api_authentication,api_rate_limit,api_update_cadence,api_change_detection,api_status_page,automation_ready,source_url,verification_date,notes_internal
macro_metrics,US,country,US,United States,https://api.stlouisfed.org/fred/series/observations,"{""series_id"":""GDP"",""frequency"":""q"",""units"":""lin""}",api_key,~120 requests/min (per fredr docs),daily,series/updates endpoint,https://fred.stlouisfed.org/docs/api/fred/,yes,https://fred.stlouisfed.org/docs/api/fred/series_observations.html,2025-10-01,Needs fred API key
macro_metrics,US,state,US-CA,California,https://apps.bea.gov/api/data,"{""UserID"":""BEA_API_KEY"",""method"":""GetData"",""datasetname"":""Regional"",""TableName"":""CAINC1"",""GeoFIPS"":""STATE"",""Year"":""LAST5""}",api_key,Not specified,monthly,N/A,https://apps.bea.gov/API/SignUp/,partial,https://www.bea.gov/help/api,2025-10-01,Must register for BEA API key; handle pagination
macro_metrics,US,county,US-06073,San Diego County,https://api.census.gov/data/timeseries/qwi/sa,"{""get"":""Emp"",""for"":""county:073"",""in"":""state:06""}",api_key,Not specified,quarterly,N/A,https://api.census.gov/data/timeseries/qwi/,partial,https://api.census.gov/data/timeseries/qwi/sa.html,2025-10-01,Quarterly Workforce Indicators; requires Census API key
industry_clusters,US,state,US-WA,Washington,https://download.bls.gov/pub/time.series/sm/sm.data.1.AllData,N/A,none,File download,monthly,File timestamp,https://download.bls.gov/,yes,https://www.bls.gov/help/hlpforma.htm,2025-10-01,Use BLS state employment data (SM series); preprocess to derive clusters
industry_clusters,US,district,US-WA-King,King County,https://dev.socrata.com/api,"{""dataset"":""f7tb-rnup"",""query"":""?$limit=50000""}",app_token,Community limits apply,daily,N/A,https://status.socrata.com/,partial,https://data.wa.gov/Labor/Employment-Security-Department-County-Industry-Esd-/f7tb-rnup,2025-10-01,Requires Socrata app token for higher throughput
workforce_ecosystem,US,state,US-TX,Texas,https://api.bls.gov/publicAPI/v2/timeseries/data/LAUST480000000000003,"{""seriesid"":[""LAUST480000000000003""]}",none,25/day unregistered; 500/day registered,monthly,Series updated monthly,https://blocks.bls.gov/gov/bls-api/,partial,https://www.bls.gov/developers/,2025-10-01,Recommend registering for BLS API key
infrastructure_assets,US,country,US,United States,https://overpass-api.de/api/interpreter,{data:[out:json];nwr[power=plant];out center;],none,Public instance quotas (~10k req/day),continuous,No built-in; rely on diff service,https://status.openstreetmap.org/,partial,https://wiki.openstreetmap.org/wiki/Overpass_API,2025-10-01,Consider hosting dedicated Overpass instance for heavy use
infrastructure_assets,US,country,US,United States,https://api.eia.gov/category/371,"{""api_key"":""EIA_API_KEY""}",api_key,"Per-key throttling, violations suspended",twice daily,N/A,https://www.eia.gov/opendata/bulkfiles.php,yes,https://www.eia.gov/opendata/,2025-10-01,EIA energy infrastructure; keys issued instantly
regulatory_profiles,US,country,US,United States,http://api.worldbank.org/v2/country/USA/indicator/IC.BUS.EASE.XQ,"{format:json,date:2015:2020}",none,Not specified,annual,N/A,https://datahelpdesk.worldbank.org/knowledgebase/articles/889392,yes,https://data.worldbank.org/indicator/IC.BUS.EASE.XQ,2025-10-01,World Bank Doing Business (legacy data)
partnerships,global,country,GLOBAL,Global,https://api.opencorporates.com/v0.4/companies/search,"{""api_token"":""OPENCORP_TOKEN"",""q"":""TechLand}",api_token,Depends on plan,daily,None,https://status.opencorporates.com/,partial,https://knowledge.opencorporates.com/faq/api/,2025-10-01,Paid plan likely needed for bulk access
financial_assumptions,US,country,US,United States,https://data.sec.gov/api/xbrl/companyfacts/CIK0000320193.json,N/A,user_agent,10 requests/sec,daily,Indices updated nightly,https://status.sec.gov/,partial,https://www.sec.gov/os/accessing-edgar-data,2025-10-01,Respect SEC rate limits; set descriptive User-Agent
capital_stack,US,country,US,United States,https://api.usaspending.gov/api/v2/search/spending_by_category/,"{category:awards,filters:{}}",none,Not documented,weekly,None,https://status.usaspending.gov/,yes,https://api.usaspending.gov/,2025-10-01,Paginate results to avoid timeouts
roadmap,manual,country,US,United States,N/A,N/A,manual,N/A,ad-hoc,None,N/A,no,https://www.techlandventures.com/internal,2025-10-01,Roadmap data sourced from internal PM tools; manual import required
funding_programs,US,country,US,United States,https://www.grants.gov/grantsws/rest/opportunities/search,"{startRecordNumber:0,oppStatuses:posted}",none,Unauthenticated search; throttle politely,hourly,None,N/A,yes,https://www.grants.gov/help/api-documentation/,2025-10-01,"Use POST; per support, other endpoints require API key"
funding_programs,US,country,US,United States,https://api.usaspending.gov/api/v2/spending/,{filters:{}},none,Not documented,daily,None,https://status.usaspending.gov/,yes,https://api.usaspending.gov/,2025-10-01,"Include grants, loans, contracts"
macro_metrics,CA,country,CA,Canada,https://api.worldbank.org/v2/country/CAN/indicator/NY.GDP.MKTP.CD,"{""format"":""json""}",none,Not specified,annual,N/A,https://datahelpdesk.worldbank.org/,yes,https://data.worldbank.org/indicator/NY.GDP.MKTP.CD,2025-10-01,World Bank GDP for Canada
macro_metrics,SE,country,SE,Sweden,https://api.worldbank.org/v2/country/SWE/indicator/NY.GDP.MKTP.CD,"{""format"":""json""}",none,Not specified,annual,N/A,https://datahelpdesk.worldbank.org/,yes,https://data.worldbank.org/indicator/NY.GDP.MKTP.CD,2025-10-01,World Bank GDP for Sweden
macro_metrics,FR,country,FR,France,https://api.worldbank.org/v2/country/FRA/indicator/NY.GDP.MKTP.CD,"{""format"":""json""}",none,Not specified,annual,N/A,https://datahelpdesk.worldbank.org/,yes,https://data.worldbank.org/indicator/NY.GDP.MKTP.CD,2025-10-01,World Bank GDP for France
workforce_ecosystem,CA,province,CA-ON,Ontario,https://www150.statcan.gc.ca/t1/wds/en/grp/1417,"{""get"":""2/14100287/v1""}",none,Not specified,monthly,N/A,https://www.statcan.gc.ca/en/wds/developers,partial,https://www.statcan.gc.ca/en/wds,2025-10-01,Statistics Canada Web Data Service
industry_clusters,GB,country,GB,United Kingdom,https://api.beta.ons.gov.uk/v1/datasets,"{""dataset_id"":""NM_135_1""}",none,Not specified,ad-hoc,N/A,https://status.developers.ons.gov.uk/,partial,https://developer.ons.gov.uk/,2025-10-01,ONS economic activity dataset
funding_programs,CA,country,CA,Canada,https://api.open.canada.ca/data/en/api/3/action/package_search,"{""q"":""grant"",""rows"":100}",none,Not documented,daily,None,https://status.open.canada.ca/,yes,https://open.canada.ca/data/en/api/3/action/package_search,2025-10-01,CKAN API for funding datasets
funding_programs,SE,country,SE,Sweden,https://api.vinnova.se/v1/calls,N/A,none,Not documented,ad-hoc,None,https://www.vinnova.se/en/about-us/contact-us/,partial,https://www.vinnova.se/en/,2025-10-01,Vinnova call catalog
regulatory_profiles,FR,region,FR-IDF,ÃŽle-de-France,https://api.etalab.gouv.fr/indicators,"{dataset:legal-deadlines,indicators:permitting}",none,Not specified,quarterly,None,https://status.data.gouv.fr/,partial,https://www.data.gouv.fr/,2025-10-01,Example dataset; requires confirmation
partnerships,FR,country,FR,France,https://entreprise.data.gouv.fr/api/sirene/v3/etablissements,{q:incubateur},api_token,Depends on plan,daily,None,https://status.entreprise.data.gouv.fr/,partial,https://entreprise.data.gouv.fr/api_doc/sirene,2025-10-01,SIRENE company registry; requires token for heavy use
